{
  "id": "3471c74b-2cb5-41e7-b1d6-2e00f2db0fce",
  "identifier": [
    {
      "system": "urn:ietf:rfc:3986",
      "value": "urn:uuid:3471c74b-2cb5-41e7-b1d6-2e00f2db0fce"
    }
  ],
  "active": true,
  "type": "person",
  "actual": true,
  "name": "Synthea US Core Patients",
  "quantity": 5,
  "member": [
    {
      "entity": {
        "reference": "urn:uuid:142e6cf8-cd4e-438b-aad8-c4b11bdae6e4"
      }
    },
    {
      "entity": {
        "reference": "urn:uuid:67ee83bc-ae56-4caa-81df-b2b61e7c3b08"
      }
    },
    {
      "entity": {
        "reference": "urn:uuid:58422022-7c7a-44e5-b64a-bc36d60af541"
      }
    },
    {
      "entity": {
        "reference": "urn:uuid:46281b8c-d4b9-4225-b6ff-cbced8bc1651"
      }
    },
    {
      "entity": {
        "reference": "urn:uuid:e99850ca-8455-46f7-888c-f7685a3a21e2"
      }
    }
  ],
  "resourceType": "Group"
}