{
  "resourceType": "Group",
  "id": "a41689b2-e198-4485-b5b8-6e37904bcfd8",
  "identifier": [
    {
      "system": "urn:ietf:rfc:3986",
      "value": "urn:uuid:a41689b2-e198-4485-b5b8-6e37904bcfd8"
    }
  ],
  "active": true,
  "type": "person",
  "actual": true,
  "name": "Synthea Patients",
  "quantity": 219,
  "member": [
    {
      "entity": {
        "reference": "urn:uuid:8e6c6301-8e4f-446f-9a30-c7bf9d204097"
      }
    },
    {
      "entity": {
        "reference": "urn:uuid:1b2dfbdd-6d10-46fd-b103-6120af0db57e"
      }
    },
    {
      "entity": {
        "reference": "urn:uuid:393ca0a0-03cf-4681-809d-829c35c1b036"
      }
    },
    {
      "entity": {
        "reference": "urn:uuid:4818eca9-c6d2-4fa0-a234-7244e620391e"
      }
    },
    {
      "entity": {
        "reference": "urn:uuid:c29a004b-9303-4827-ad36-59a9898bb97b"
      }
    },
    {
      "entity": {
        "reference": "urn:uuid:62cdd0df-b968-4a0a-91b0-372ea5a20078"
      }
    },
    {
      "entity": {
        "reference": "urn:uuid:df447707-7ae8-4b15-b94e-b0f069da464a"
      }
    },
    {
      "entity": {
        "reference": "urn:uuid:eae1b1b5-8e6c-4b65-9962-50d8bfea755c"
      }
    },
    {
      "entity": {
        "reference": "urn:uuid:58422022-7c7a-44e5-b64a-bc36d60af541"
      }
    },
    {
      "entity": {
        "reference": "urn:uuid:26479693-e0c2-406f-b179-f1a89622c619"
      }
    },
    {
      "entity": {
        "reference": "urn:uuid:890934de-6d5a-40c4-bdc5-9c661c8e6a4d"
      }
    },
    {
      "entity": {
        "reference": "urn:uuid:607d0afc-03c2-46cb-a4db-9fd4e456ec61"
      }
    },
    {
      "entity": {
        "reference": "urn:uuid:279b2e62-0d17-4c60-96ee-6732aad6e5ae"
      }
    },
    {
      "entity": {
        "reference": "urn:uuid:f2668cd6-6e39-4f5c-b642-d4413e75b9c2"
      }
    },
    {
      "entity": {
        "reference": "urn:uuid:3b9d8e1c-7f5e-4d41-8499-3087cf35da66"
      }
    },
    {
      "entity": {
        "reference": "urn:uuid:142e6cf8-cd4e-438b-aad8-c4b11bdae6e4"
      }
    },
    {
      "entity": {
        "reference": "urn:uuid:2f9c92fe-36b3-4230-8dba-3fdb891a64db"
      }
    },
    {
      "entity": {
        "reference": "urn:uuid:95fabc24-c542-4aec-8495-dacf1315bcf7"
      }
    },
    {
      "entity": {
        "reference": "urn:uuid:bb3c9424-f055-4b11-be30-4f46b6c012e0"
      }
    },
    {
      "entity": {
        "reference": "urn:uuid:3b29c2aa-6470-4b07-9b4d-0c91a225bd59"
      }
    },
    {
      "entity": {
        "reference": "urn:uuid:1c7b3a63-5d02-408e-93d4-1a2f8c2c0072"
      }
    },
    {
      "entity": {
        "reference": "urn:uuid:588e99b7-e3d0-40aa-9d12-1e3506548a51"
      }
    },
    {
      "entity": {
        "reference": "urn:uuid:12c1310d-4a58-4778-b111-0aac91ca71f7"
      }
    },
    {
      "entity": {
        "reference": "urn:uuid:97291b13-2f48-4045-aabf-a9a4361c6a05"
      }
    },
    {
      "entity": {
        "reference": "urn:uuid:ad887535-3b3c-470c-8d7f-baf8b9134166"
      }
    },
    {
      "entity": {
        "reference": "urn:uuid:2b94d215-2721-49ad-823a-d9e38d0cef83"
      }
    },
    {
      "entity": {
        "reference": "urn:uuid:2b87fadb-0b00-4b6d-9ef2-36ab5c9e84bf"
      }
    },
    {
      "entity": {
        "reference": "urn:uuid:8a8f0a48-28b8-4ce5-825b-983cba905876"
      }
    },
    {
      "entity": {
        "reference": "urn:uuid:2716e1bb-950e-45ff-9039-e8fda1bbb50b"
      }
    },
    {
      "entity": {
        "reference": "urn:uuid:e2b30bee-eeb5-4279-8399-b763d19086fe"
      }
    },
    {
      "entity": {
        "reference": "urn:uuid:b98b5bd7-d589-4f30-9959-2ebb630cb8e4"
      }
    },
    {
      "entity": {
        "reference": "urn:uuid:f2633775-7451-4f5e-86cb-dd6d1c776722"
      }
    },
    {
      "entity": {
        "reference": "urn:uuid:7a700d79-b4c7-4c39-b6eb-66649c111049"
      }
    },
    {
      "entity": {
        "reference": "urn:uuid:61f120b2-74a1-4db6-9e7c-20d10c12a4a4"
      }
    },
    {
      "entity": {
        "reference": "urn:uuid:d2994a92-bbac-4d31-ac59-87e171f21b02"
      }
    },
    {
      "entity": {
        "reference": "urn:uuid:1ab24954-93ef-410f-a495-f49f3b2a5509"
      }
    },
    {
      "entity": {
        "reference": "urn:uuid:028f240a-0cea-49b5-9878-382e7c8f5ac0"
      }
    },
    {
      "entity": {
        "reference": "urn:uuid:480626ff-d989-4a96-ad9b-a728b6df2d33"
      }
    },
    {
      "entity": {
        "reference": "urn:uuid:0ddb3fe5-ce6f-4834-98f1-c33e569630bf"
      }
    },
    {
      "entity": {
        "reference": "urn:uuid:f3cd24e8-0b97-4ff9-b9f3-89e0f809ea41"
      }
    },
    {
      "entity": {
        "reference": "urn:uuid:8a7f3fc1-f6f5-41b5-95af-997414815b43"
      }
    },
    {
      "entity": {
        "reference": "urn:uuid:e0d22801-d404-4de9-911f-3dd66081b917"
      }
    },
    {
      "entity": {
        "reference": "urn:uuid:f412e528-7f5b-4ad3-b454-41d544d6b02d"
      }
    },
    {
      "entity": {
        "reference": "urn:uuid:f8a00a50-9cda-46da-bc5f-4714b69f33ba"
      }
    },
    {
      "entity": {
        "reference": "urn:uuid:c7f9e666-5408-460c-8a86-33730985533c"
      }
    },
    {
      "entity": {
        "reference": "urn:uuid:7f851b82-899b-46a5-8d58-a47c7be731e0"
      }
    },
    {
      "entity": {
        "reference": "urn:uuid:e2b3815e-060e-4681-b5c0-662cf7b3ea52"
      }
    },
    {
      "entity": {
        "reference": "urn:uuid:0eb825a5-c56c-4bed-8836-7adc6059ff8c"
      }
    },
    {
      "entity": {
        "reference": "urn:uuid:609ed6b8-7bd9-4d10-a859-ca084283e469"
      }
    },
    {
      "entity": {
        "reference": "urn:uuid:b01126c1-6ff4-42db-8b3a-595b8e97353e"
      }
    },
    {
      "entity": {
        "reference": "urn:uuid:4210b674-31a1-401c-8129-d62987dd9fd8"
      }
    },
    {
      "entity": {
        "reference": "urn:uuid:48a72087-fd21-4f48-ae71-cbad6178403b"
      }
    },
    {
      "entity": {
        "reference": "urn:uuid:131f0118-cfca-4def-9dff-8fb27a33070f"
      }
    },
    {
      "entity": {
        "reference": "urn:uuid:67ee83bc-ae56-4caa-81df-b2b61e7c3b08"
      }
    },
    {
      "entity": {
        "reference": "urn:uuid:b8500ec6-aa1f-410e-b525-aeb0bfa569a7"
      }
    },
    {
      "entity": {
        "reference": "urn:uuid:338fbb13-6b48-4d92-b617-9ec93ab68aa9"
      }
    },
    {
      "entity": {
        "reference": "urn:uuid:c22dca51-b613-443a-b7c2-3996c73479c1"
      }
    },
    {
      "entity": {
        "reference": "urn:uuid:3f87083a-a14a-4120-a238-1619bb676118"
      }
    },
    {
      "entity": {
        "reference": "urn:uuid:1192c47e-88a8-4722-bf93-dde8a36aafa7"
      }
    },
    {
      "entity": {
        "reference": "urn:uuid:0fc144c8-01dc-4fd1-ae15-b21eb0f7ae0a"
      }
    },
    {
      "entity": {
        "reference": "urn:uuid:c1b77726-ff7b-4786-88b1-03738e3fab22"
      }
    },
    {
      "entity": {
        "reference": "urn:uuid:186be41e-981d-4253-9a48-aac951ba0230"
      }
    },
    {
      "entity": {
        "reference": "urn:uuid:d533e3dd-33f0-4705-8266-c633075ec6bd"
      }
    },
    {
      "entity": {
        "reference": "urn:uuid:6da3b2ce-cc06-41f3-a693-c9267012620b"
      }
    },
    {
      "entity": {
        "reference": "urn:uuid:698e912b-53d2-4bca-98f2-9af5da9d14f8"
      }
    },
    {
      "entity": {
        "reference": "urn:uuid:3d796bbf-a740-4074-a7cc-158485ae4b48"
      }
    },
    {
      "entity": {
        "reference": "urn:uuid:3a1a830c-fb0d-4d12-840c-7a03f705be46"
      }
    },
    {
      "entity": {
        "reference": "urn:uuid:91132d7f-1458-43cc-b810-003e341049c4"
      }
    },
    {
      "entity": {
        "reference": "urn:uuid:4195ee0f-70ca-4d79-b189-74e888e56c85"
      }
    },
    {
      "entity": {
        "reference": "urn:uuid:927dbda1-2c18-4a40-a42a-311b07aba56a"
      }
    },
    {
      "entity": {
        "reference": "urn:uuid:46281b8c-d4b9-4225-b6ff-cbced8bc1651"
      }
    },
    {
      "entity": {
        "reference": "urn:uuid:a2ae0973-129b-418a-b81d-eb3324103132"
      }
    },
    {
      "entity": {
        "reference": "urn:uuid:5bd39abc-b3eb-4e97-911c-3f48da6dcf7d"
      }
    },
    {
      "entity": {
        "reference": "urn:uuid:a822967b-5998-4a6d-a15e-93e0da396513"
      }
    },
    {
      "entity": {
        "reference": "urn:uuid:0ba54189-1923-44ee-91a4-766cdecc72e4"
      }
    },
    {
      "entity": {
        "reference": "urn:uuid:a213a834-f00d-40c5-b5c8-8bcb9d92303b"
      }
    },
    {
      "entity": {
        "reference": "urn:uuid:342e5ea8-983e-486d-a828-2ebd224f9724"
      }
    },
    {
      "entity": {
        "reference": "urn:uuid:8327188e-d249-49b1-9824-b581329002ab"
      }
    },
    {
      "entity": {
        "reference": "urn:uuid:492821ad-d16d-4aea-863d-64cd5df860b4"
      }
    },
    {
      "entity": {
        "reference": "urn:uuid:20d46c36-e981-426a-9bef-115ffcf2ef6a"
      }
    },
    {
      "entity": {
        "reference": "urn:uuid:3c328a16-033b-4ebb-932b-c97accdbca85"
      }
    },
    {
      "entity": {
        "reference": "urn:uuid:da2bf8fd-7834-46b4-afc5-ac92f59ff6fc"
      }
    },
    {
      "entity": {
        "reference": "urn:uuid:c855290d-bfd4-46d5-a1c6-1b504703b1fb"
      }
    },
    {
      "entity": {
        "reference": "urn:uuid:9c7f74bc-b313-4b4b-b1b5-1351e5b74eba"
      }
    },
    {
      "entity": {
        "reference": "urn:uuid:df944fa3-be4a-49d6-b2e7-ae46ef9e9fd5"
      }
    },
    {
      "entity": {
        "reference": "urn:uuid:37e9d6f8-729e-49ad-a85c-f0a1469283d5"
      }
    },
    {
      "entity": {
        "reference": "urn:uuid:dea2fbc3-96cf-4b63-a9f2-0923b565568e"
      }
    },
    {
      "entity": {
        "reference": "urn:uuid:e8b7a66f-1bf3-4e35-8c79-6df52c59276f"
      }
    },
    {
      "entity": {
        "reference": "urn:uuid:e668385b-fee7-44ea-8d73-bf162ab3f43d"
      }
    },
    {
      "entity": {
        "reference": "urn:uuid:23e3fedb-566b-4abf-87b4-cfde9cbff9af"
      }
    },
    {
      "entity": {
        "reference": "urn:uuid:7887484b-af47-4bde-81cc-9deebaec4b76"
      }
    },
    {
      "entity": {
        "reference": "urn:uuid:1d68dbb2-2df4-497f-8bf7-50a851ecf6b8"
      }
    },
    {
      "entity": {
        "reference": "urn:uuid:e3a66275-5244-455c-8dc6-6c90c33a2cf4"
      }
    },
    {
      "entity": {
        "reference": "urn:uuid:f6b20398-5f31-44dd-8835-950980d7170f"
      }
    },
    {
      "entity": {
        "reference": "urn:uuid:5a08d744-fa10-4820-80a2-1ebc1c19526a"
      }
    },
    {
      "entity": {
        "reference": "urn:uuid:894711f7-e4fd-447e-b75b-5f92a4e5d6c0"
      }
    },
    {
      "entity": {
        "reference": "urn:uuid:f3c6651f-b858-49ca-9b59-b8a9f8088202"
      }
    },
    {
      "entity": {
        "reference": "urn:uuid:981ab3d6-f29c-4eb9-b741-f8702e58655e"
      }
    },
    {
      "entity": {
        "reference": "urn:uuid:0623e18c-9818-42b1-80d2-e6b5b27e74fe"
      }
    },
    {
      "entity": {
        "reference": "urn:uuid:bf77d3ea-a389-4942-9291-76867ffbc691"
      }
    },
    {
      "entity": {
        "reference": "urn:uuid:74966be8-84e5-4821-bfe7-b7b577e2d457"
      }
    },
    {
      "entity": {
        "reference": "urn:uuid:b44881ac-932d-4a08-8b2b-4cf0bc779a26"
      }
    },
    {
      "entity": {
        "reference": "urn:uuid:4fb13cd1-0fb2-4355-8212-9e94f80ac15f"
      }
    },
    {
      "entity": {
        "reference": "urn:uuid:1d2b91e2-6927-4df9-8c17-8aa03bc9d84f"
      }
    },
    {
      "entity": {
        "reference": "urn:uuid:6571a107-1238-4a6b-9366-dc72ab6b6cfc"
      }
    },
    {
      "entity": {
        "reference": "urn:uuid:c54f6a21-acb2-4d2e-809b-219261d239a5"
      }
    },
    {
      "entity": {
        "reference": "urn:uuid:7098e616-550f-44ef-9f6d-79b2e18bc6ef"
      }
    },
    {
      "entity": {
        "reference": "urn:uuid:d26e670c-ad04-412a-88d4-4a66bab4516b"
      }
    },
    {
      "entity": {
        "reference": "urn:uuid:29a59513-6392-40d9-9aa1-a0b80e953414"
      }
    },
    {
      "entity": {
        "reference": "urn:uuid:73ef5603-ce53-4634-835f-03b38ff4bb7e"
      }
    },
    {
      "entity": {
        "reference": "urn:uuid:cb143efd-d140-4cbe-968d-90b51b900b1c"
      }
    },
    {
      "entity": {
        "reference": "urn:uuid:edd14176-94ff-4cd6-a61c-3b3fd378045d"
      }
    },
    {
      "entity": {
        "reference": "urn:uuid:2d1d91b1-cd29-4594-8c48-f4017cbc6a15"
      }
    },
    {
      "entity": {
        "reference": "urn:uuid:ef827a80-3d7b-45c5-97eb-e049458c130e"
      }
    },
    {
      "entity": {
        "reference": "urn:uuid:24c75438-2a83-41f0-ac60-66c5e3614b75"
      }
    },
    {
      "entity": {
        "reference": "urn:uuid:51d01524-2497-4a17-8ad0-1870707387dd"
      }
    },
    {
      "entity": {
        "reference": "urn:uuid:01cb26f4-64fa-4623-91df-884463f8321b"
      }
    },
    {
      "entity": {
        "reference": "urn:uuid:47f68361-d5d0-4fea-8774-3e736cfd0927"
      }
    },
    {
      "entity": {
        "reference": "urn:uuid:4cb0ea1a-12c8-46b9-a972-548351be4194"
      }
    },
    {
      "entity": {
        "reference": "urn:uuid:b6a95a59-0625-4439-a1c1-5a8dd02aaa64"
      }
    },
    {
      "entity": {
        "reference": "urn:uuid:672e2875-6575-4ce3-832b-f98b086dedda"
      }
    },
    {
      "entity": {
        "reference": "urn:uuid:3ae885d0-9846-455c-a6db-569739b3a064"
      }
    },
    {
      "entity": {
        "reference": "urn:uuid:5917a327-005a-47d9-ac1c-55a5fd8e7bab"
      }
    },
    {
      "entity": {
        "reference": "urn:uuid:a03c5d86-3352-496c-9e27-3fb7d63d4ce6"
      }
    },
    {
      "entity": {
        "reference": "urn:uuid:5c34aae7-7059-42fa-9747-968bdf4620c0"
      }
    },
    {
      "entity": {
        "reference": "urn:uuid:42434ea6-e828-4129-8fab-034a3d296919"
      }
    },
    {
      "entity": {
        "reference": "urn:uuid:4d85da59-2694-4802-b05f-2624eaaf83dd"
      }
    },
    {
      "entity": {
        "reference": "urn:uuid:3fa551c8-0b64-4559-9b57-3e6a970e890b"
      }
    },
    {
      "entity": {
        "reference": "urn:uuid:7839bd62-8fb3-46b7-b955-74150ada461d"
      }
    },
    {
      "entity": {
        "reference": "urn:uuid:4e440389-7370-4495-a17d-4325f6e01a6f"
      }
    },
    {
      "entity": {
        "reference": "urn:uuid:65634407-9de4-47ee-af34-1b96c3052ea5"
      }
    },
    {
      "entity": {
        "reference": "urn:uuid:864a6fa3-bc14-49bb-a18f-ed38f23e768e"
      }
    },
    {
      "entity": {
        "reference": "urn:uuid:ef20c680-c9da-4659-9970-cf2c2d8a0740"
      }
    },
    {
      "entity": {
        "reference": "urn:uuid:dfab5e17-e9a0-4213-9812-3e16070e555f"
      }
    },
    {
      "entity": {
        "reference": "urn:uuid:27a8c61f-9dab-476b-8c76-4c98ec7d13e1"
      }
    },
    {
      "entity": {
        "reference": "urn:uuid:a926d147-ce8b-4623-8c76-3ac5a7baec73"
      }
    },
    {
      "entity": {
        "reference": "urn:uuid:a5d4257f-ffe6-443c-b822-4d7a72c4fadd"
      }
    },
    {
      "entity": {
        "reference": "urn:uuid:0f9934b7-2ede-48c0-9a13-204d28059826"
      }
    },
    {
      "entity": {
        "reference": "urn:uuid:003eaf23-0839-427a-89aa-40636bd9f60a"
      }
    },
    {
      "entity": {
        "reference": "urn:uuid:c166bf80-1d1a-43e3-99d2-65c398b60eac"
      }
    },
    {
      "entity": {
        "reference": "urn:uuid:13f3b225-ba8d-43cd-931c-3a149ee724e7"
      }
    },
    {
      "entity": {
        "reference": "urn:uuid:b119ee70-184b-4895-8b2b-22f4c9cd3c60"
      }
    },
    {
      "entity": {
        "reference": "urn:uuid:583f8d1b-4c16-4005-864a-9dc5a00ad3cb"
      }
    },
    {
      "entity": {
        "reference": "urn:uuid:859e81c7-10ad-425d-a274-f15c695e36c8"
      }
    },
    {
      "entity": {
        "reference": "urn:uuid:22a903e9-8e53-47eb-bed5-9c2e6db29d39"
      }
    },
    {
      "entity": {
        "reference": "urn:uuid:983a221d-b2a1-4f8d-b71e-808981e38410"
      }
    },
    {
      "entity": {
        "reference": "urn:uuid:4e7424e5-8f05-4bf8-9a06-b56fe00b8329"
      }
    },
    {
      "entity": {
        "reference": "urn:uuid:68539b26-2d83-4414-8d7c-759e79fe72ea"
      }
    },
    {
      "entity": {
        "reference": "urn:uuid:e7c0d230-5c26-4697-9526-375f2d75d6df"
      }
    },
    {
      "entity": {
        "reference": "urn:uuid:c4f4d1e3-d44b-4106-9d83-605ef2bab380"
      }
    },
    {
      "entity": {
        "reference": "urn:uuid:58928c17-4579-405d-b33e-18486e67b6f1"
      }
    },
    {
      "entity": {
        "reference": "urn:uuid:c690e33e-a6f6-4cc8-bfc0-031db153f38e"
      }
    },
    {
      "entity": {
        "reference": "urn:uuid:8ec8bba5-92f6-4615-a9f3-b2e7e3c1adac"
      }
    },
    {
      "entity": {
        "reference": "urn:uuid:62d27f68-4838-4f83-ab42-33c3e222ae69"
      }
    },
    {
      "entity": {
        "reference": "urn:uuid:2d880b96-96e4-435e-bb2e-207d81c6e684"
      }
    },
    {
      "entity": {
        "reference": "urn:uuid:e182cd5a-af56-4422-849e-949f98a67cba"
      }
    },
    {
      "entity": {
        "reference": "urn:uuid:c13a86b0-3a5f-4405-ad85-9fe91e0317ae"
      }
    },
    {
      "entity": {
        "reference": "urn:uuid:b9b6f5b6-e5b6-4ef2-b611-ab7a6f285209"
      }
    },
    {
      "entity": {
        "reference": "urn:uuid:e95e003a-3912-403e-8dd7-3875db7da680"
      }
    },
    {
      "entity": {
        "reference": "urn:uuid:ac9e7d5e-c60d-435c-96f0-b41f2715ffd5"
      }
    },
    {
      "entity": {
        "reference": "urn:uuid:67eaa6dc-4d28-4135-9152-a5950a39d5d7"
      }
    },
    {
      "entity": {
        "reference": "urn:uuid:9d51bdcc-23dd-4f95-ad13-25d03ce92870"
      }
    },
    {
      "entity": {
        "reference": "urn:uuid:99f77b93-fb98-4310-b214-2d6bc6b5878b"
      }
    },
    {
      "entity": {
        "reference": "urn:uuid:d98f28a9-cf8f-4774-824e-5dcf6cd74f29"
      }
    },
    {
      "entity": {
        "reference": "urn:uuid:d3162cc6-94c9-4424-ace8-692ba01bf882"
      }
    },
    {
      "entity": {
        "reference": "urn:uuid:7bd17977-7ea5-4948-8033-311cd8d3006c"
      }
    },
    {
      "entity": {
        "reference": "urn:uuid:d754b36e-a993-40a8-ac29-1d8d811315a3"
      }
    },
    {
      "entity": {
        "reference": "urn:uuid:92a53a84-f6d8-420c-bf38-f242b9fe9c12"
      }
    },
    {
      "entity": {
        "reference": "urn:uuid:b1c70afe-928f-4d63-ba56-d8f54538c485"
      }
    },
    {
      "entity": {
        "reference": "urn:uuid:85b9f66f-c912-465e-af2e-fa4d81481edb"
      }
    },
    {
      "entity": {
        "reference": "urn:uuid:76874f07-3d4a-4d45-acd2-cf87dedfab7f"
      }
    },
    {
      "entity": {
        "reference": "urn:uuid:0a60c768-e0c8-4beb-a8dc-9ce1f3b6ca3c"
      }
    },
    {
      "entity": {
        "reference": "urn:uuid:db909eec-6a68-4e86-aca3-c91e876c2494"
      }
    },
    {
      "entity": {
        "reference": "urn:uuid:95fc09ff-156a-4dc1-a116-1473dcd57fe6"
      }
    },
    {
      "entity": {
        "reference": "urn:uuid:992294ac-cc36-499f-9daa-0880177c414e"
      }
    },
    {
      "entity": {
        "reference": "urn:uuid:2bc0455a-d543-48c8-b7de-4612d042440a"
      }
    },
    {
      "entity": {
        "reference": "urn:uuid:91c886a9-7306-4b70-b9ef-bece3e6eff3c"
      }
    },
    {
      "entity": {
        "reference": "urn:uuid:1378b4e6-f28d-4514-9789-5a0c131cf578"
      }
    },
    {
      "entity": {
        "reference": "urn:uuid:5b3c4ab6-0fe9-4c10-9983-b39806365e53"
      }
    },
    {
      "entity": {
        "reference": "urn:uuid:62de48b6-5d2a-4c10-99dd-0852a73a5b4a"
      }
    },
    {
      "entity": {
        "reference": "urn:uuid:8039b9c6-c13a-49f8-9d7b-4c432ae124a5"
      }
    },
    {
      "entity": {
        "reference": "urn:uuid:fef33060-12b3-46fc-a08e-1a00f15d83e4"
      }
    },
    {
      "entity": {
        "reference": "urn:uuid:f1686f06-b67e-45fb-bf3b-1b90c64017cc"
      }
    },
    {
      "entity": {
        "reference": "urn:uuid:80cff16b-53c5-419f-a378-f64831f6f2de"
      }
    },
    {
      "entity": {
        "reference": "urn:uuid:6fdd48cb-a4a2-4062-bf17-2f86a18d15c6"
      }
    },
    {
      "entity": {
        "reference": "urn:uuid:7ec813dc-9068-4c02-be2b-6c53ee548e9a"
      }
    },
    {
      "entity": {
        "reference": "urn:uuid:3cf135a4-e4f1-420d-ba50-d3b25add2184"
      }
    },
    {
      "entity": {
        "reference": "urn:uuid:327e4670-1593-441a-96e7-148127e484e5"
      }
    },
    {
      "entity": {
        "reference": "urn:uuid:4521f8be-814d-4fa3-b619-7d4c0629fcac"
      }
    },
    {
      "entity": {
        "reference": "urn:uuid:3f2d38dd-46bd-4a3a-9edf-90cfaf683748"
      }
    },
    {
      "entity": {
        "reference": "urn:uuid:0fc90208-61e0-4b86-b8a9-99b9a79db882"
      }
    },
    {
      "entity": {
        "reference": "urn:uuid:bb7238f4-3f30-49a6-a5d1-f3238bc399a6"
      }
    },
    {
      "entity": {
        "reference": "urn:uuid:61468d46-3128-4926-861e-b73d8cddf68a"
      }
    },
    {
      "entity": {
        "reference": "urn:uuid:e99850ca-8455-46f7-888c-f7685a3a21e2"
      }
    },
    {
      "entity": {
        "reference": "urn:uuid:3ea0b807-936e-4c66-9cc2-cd5a19de71ea"
      }
    },
    {
      "entity": {
        "reference": "urn:uuid:3d5a2e93-c73b-45af-9dcc-70bbe71d979b"
      }
    },
    {
      "entity": {
        "reference": "urn:uuid:3bf3054f-edf9-4af1-aa19-f3e2e307b7a1"
      }
    },
    {
      "entity": {
        "reference": "urn:uuid:cc3d554c-d67a-4bc9-b319-86c48ef461a9"
      }
    },
    {
      "entity": {
        "reference": "urn:uuid:d6439d8f-a61f-434e-a23e-3641bed287d1"
      }
    },
    {
      "entity": {
        "reference": "urn:uuid:379c7e00-8647-4b56-900a-592b9a2b9923"
      }
    },
    {
      "entity": {
        "reference": "urn:uuid:db57b4fb-1417-4887-8376-d847a393289c"
      }
    },
    {
      "entity": {
        "reference": "urn:uuid:c92349dd-c896-4628-af93-c87150ec454d"
      }
    },
    {
      "entity": {
        "reference": "urn:uuid:083e3317-a5c2-45f1-bd9d-d9e929a6e020"
      }
    },
    {
      "entity": {
        "reference": "urn:uuid:d03d715a-b25b-418f-a291-d41e35d70ab8"
      }
    },
    {
      "entity": {
        "reference": "urn:uuid:b01f8f68-564d-4038-9565-88166c3981fe"
      }
    },
    {
      "entity": {
        "reference": "urn:uuid:2bb4f9ae-176b-40a4-b6f0-3995e0f0039b"
      }
    },
    {
      "entity": {
        "reference": "urn:uuid:cdcd1a56-2ada-4350-953e-7ca12a1d516a"
      }
    },
    {
      "entity": {
        "reference": "urn:uuid:b82367d0-ff66-4d07-98d3-b9c3bb8fbe12"
      }
    },
    {
      "entity": {
        "reference": "urn:uuid:cf1387e9-f55c-470f-b42b-8818653409d5"
      }
    },
    {
      "entity": {
        "reference": "urn:uuid:222d4e32-8988-4ae7-9e4c-085b1df8af80"
      }
    },
    {
      "entity": {
        "reference": "urn:uuid:6f178986-aad6-4ef2-8458-5e89bab20242"
      }
    },
    {
      "entity": {
        "reference": "urn:uuid:15284f0d-cdf7-4b6b-b81b-c720b7965120"
      }
    },
    {
      "entity": {
        "reference": "urn:uuid:1c31f9e1-4a22-4a71-a43d-c266e0b09a7d"
      }
    },
    {
      "entity": {
        "reference": "urn:uuid:bc0a63ec-4095-42e5-a8b7-a45dbc0dc994"
      }
    },
    {
      "entity": {
        "reference": "urn:uuid:57536422-300b-4dac-a718-1d561ce01620"
      }
    },
    {
      "entity": {
        "reference": "urn:uuid:d49fe122-7988-42b3-9b3d-b915e02c7266"
      }
    },
    {
      "entity": {
        "reference": "urn:uuid:5ce9425d-d0b8-4699-a444-fc7cb2849ed0"
      }
    },
    {
      "entity": {
        "reference": "urn:uuid:49addd74-1c50-43ab-abd3-474196720973"
      }
    },
    {
      "entity": {
        "reference": "urn:uuid:ee419c06-d4ee-4b6e-850f-d2187ad24617"
      }
    }
  ]
}
